{
    "total_protection_time": 0.05029487609863281,
    "total_images_processed": 150,
    "time_per_image": 0.0003352991739908854
}