{
    "total_pairs": 150,
    "successful_videos": 300,
    "total_time": 7376.419151067734,
    "avg_time_per_video": 24.588063836892445,
    "timestamp": "2025-09-20T12:22:42.501340"
}