{
    "total_protection_time": 7662.068577289581,
    "total_images_processed": 150,
    "time_per_image": 51.08045718193054
}