{
    "method": "RandomNoise",
    "aggregated": {
        "protected_psnr": 40.93320009320084,
        "protected_ssim": 0.9731591686606408,
        "protected_lpips": 0.010817932175511184,
        "protected_clip_score": 0.96734228515625,
        "original_subject_consistency": 0.9346197518119074,
        "original_motion_smoothness": 0.9869404111945262,
        "original_aesthetic_quality": 0.5125438384711744,
        "original_imaging_quality": 0.6803642369333902,
        "protected_subject_consistency": 0.9415388027154323,
        "protected_motion_smoothness": 0.988102045321486,
        "protected_aesthetic_quality": 0.5148671510318915,
        "protected_imaging_quality": 0.6707302636782329,
        "diff_subject_consistency": -0.0069190509035251995,
        "diff_motion_smoothness": -0.0011616341269594876,
        "diff_aesthetic_quality": -0.002323312560717265,
        "diff_imaging_quality": 0.009633973255157474
    },
    "time": {
        "total_protection_time": 0.01728200912475586,
        "total_images_processed": 120,
        "time_per_image": 0.00014401674270629882
    }
}