{
    "method": "Mist",
    "aggregated": {
        "protected_psnr": 26.766259914820367,
        "protected_ssim": 0.6896386667092641,
        "protected_lpips": 0.4476338590184848,
        "protected_clip_score": 0.86935390625,
        "clip_upper_bound": 1.000236328125,
        "clip_lower_bound": 0.79840625,
        "original_subject_consistency": 0.8854511381702549,
        "original_motion_smoothness": 0.9684613881521595,
        "original_aesthetic_quality": 0.48151786843935646,
        "original_imaging_quality": 0.7056034306335449,
        "protected_subject_consistency": 0.8403157057964966,
        "protected_motion_smoothness": 0.9608620417538838,
        "protected_aesthetic_quality": 0.47335321644941963,
        "protected_imaging_quality": 0.6483666510213215,
        "diff_subject_consistency": 0.0451354323737582,
        "diff_motion_smoothness": 0.007599346398275867,
        "diff_aesthetic_quality": 0.008164651989936827,
        "diff_imaging_quality": 0.05723677961222331
    },
    "time": {
        "total_protection_time": 7680.0856828689575,
        "total_images_processed": 150,
        "time_per_image": 51.20057121912638
    }
}