{
    "total_pairs": 150,
    "successful_videos": 300,
    "total_time": 6670.641971588135,
    "avg_time_per_video": 22.235473238627115,
    "timestamp": "2025-09-17T17:53:03.806256"
}