{
    "method": "EditShield",
    "aggregated": {
        "protected_psnr": 36.41803353424691,
        "protected_ssim": 0.9292067786057792,
        "protected_lpips": 0.17315342072397474,
        "protected_clip_score": 0.95650830078125,
        "original_subject_consistency": 0.9658655519823597,
        "original_motion_smoothness": 0.9883705295013736,
        "original_aesthetic_quality": 0.48256462216377255,
        "original_imaging_quality": 0.7005312338320414,
        "protected_subject_consistency": 0.9635118808662003,
        "protected_motion_smoothness": 0.9897957122597191,
        "protected_aesthetic_quality": 0.4792348893980185,
        "protected_imaging_quality": 0.6910927369499206,
        "diff_subject_consistency": 0.0023536711161594,
        "diff_motion_smoothness": -0.00142518275834527,
        "diff_aesthetic_quality": 0.003329732765754064,
        "diff_imaging_quality": 0.009438496882120773
    },
    "time": {
        "total_protection_time": 346.4152102470398,
        "total_images_processed": 120,
        "time_per_image": 2.8867934187253317
    }
}