{
    "total_pairs": 150,
    "successful_videos": 300,
    "total_time": 6667.775282859802,
    "avg_time_per_video": 22.225917609532676,
    "timestamp": "2025-09-20T06:05:58.816335"
}