{
    "total_protection_time": 7768.902731180191,
    "total_images_processed": 150,
    "time_per_image": 51.79268487453461
}