{
    "total_protection_time": 23185.65241909027,
    "total_images_processed": 150,
    "time_per_image": 154.57101612726848
}