{
    "method": "RandomNoise",
    "aggregated": {
        "protected_psnr": 40.94235280202375,
        "protected_ssim": 0.9732109439373016,
        "protected_lpips": 0.01564897779530535,
        "protected_clip_score": 0.9405227864583332,
        "clip_upper_bound": 1.00031640625,
        "clip_lower_bound": 0.6548164062499999,
        "original_subject_consistency": 0.9113419323699135,
        "original_motion_smoothness": 0.9752853559558765,
        "original_aesthetic_quality": 0.4991494590044022,
        "original_imaging_quality": 0.6256018401234944,
        "protected_subject_consistency": 0.9113677377181335,
        "protected_motion_smoothness": 0.9753073343802516,
        "protected_aesthetic_quality": 0.5003038497765859,
        "protected_imaging_quality": 0.6291325541127523,
        "diff_subject_consistency": -2.5805348219967643e-05,
        "diff_motion_smoothness": -2.197842437515522e-05,
        "diff_aesthetic_quality": -0.0011543907721837362,
        "diff_imaging_quality": -0.0035307139892578132
    },
    "time": {
        "total_protection_time": 0.02779984474182129,
        "total_images_processed": 150,
        "time_per_image": 0.0001853322982788086
    }
}