{
    "method": "RandomNoise",
    "aggregated": {
        "original_subject_consistency": 0.9113419323699135,
        "original_motion_smoothness": 0.9752853559558765,
        "original_aesthetic_quality": 0.4991494590044022,
        "original_imaging_quality": 0.6256018401234944,
        "protected_subject_consistency": 0.9113677377181335,
        "protected_motion_smoothness": 0.9753073343802516,
        "protected_aesthetic_quality": 0.5003038497765859,
        "protected_imaging_quality": 0.6291325541127523,
        "diff_subject_consistency": -2.5805348219967643e-05,
        "diff_motion_smoothness": -2.197842437515522e-05,
        "diff_aesthetic_quality": -0.0011543907721837362,
        "diff_imaging_quality": -0.0035307139892578132
    }
}