{
    "total_protection_time": 7199.7294890880585,
    "total_images_processed": 150,
    "time_per_image": 47.99819659392039
}