{
    "method": "PhotoGuard",
    "aggregated": {
        "protected_psnr": 25.835477141253044,
        "protected_ssim": 0.6097835054000218,
        "protected_lpips": 0.5120486631989479,
        "protected_clip_score": 0.872601953125,
        "clip_upper_bound": 1.0002558593750002,
        "clip_lower_bound": 0.8158496093750001,
        "original_subject_consistency": 0.886644586633063,
        "original_motion_smoothness": 0.9686299095130235,
        "original_aesthetic_quality": 0.48215258200963335,
        "original_imaging_quality": 0.7059882425587971,
        "protected_subject_consistency": 0.8549217592655783,
        "protected_motion_smoothness": 0.9617758085359575,
        "protected_aesthetic_quality": 0.46918626487255094,
        "protected_imaging_quality": 0.6017008066813151,
        "diff_subject_consistency": 0.03172282736748457,
        "diff_motion_smoothness": 0.006854100977065887,
        "diff_aesthetic_quality": 0.012966317137082416,
        "diff_imaging_quality": 0.10428743587748211
    },
    "time": {
        "total_protection_time": 8391.557550907135,
        "total_images_processed": 150,
        "time_per_image": 55.943717006047564
    }
}