{
    "total_pairs": 150,
    "successful_videos": 300,
    "total_time": 6650.996135473251,
    "avg_time_per_video": 22.169987118244173,
    "timestamp": "2025-09-18T11:29:48.150615"
}