{
    "total_protection_time": 7565.755879640579,
    "total_images_processed": 150,
    "time_per_image": 50.438372530937194
}