{
    "method": "Mist",
    "aggregated": {
        "protected_psnr": 26.90855203244759,
        "protected_ssim": 0.624938891530037,
        "protected_lpips": 0.47975360294183095,
        "protected_clip_score": 0.8404467447916667,
        "clip_upper_bound": 1.000291015625,
        "clip_lower_bound": 0.70700390625,
        "original_subject_consistency": 0.8199958533478071,
        "original_motion_smoothness": 0.9677373381921305,
        "original_aesthetic_quality": 0.5107822195688884,
        "original_imaging_quality": 0.6678421185862223,
        "protected_subject_consistency": 0.8546412389766839,
        "protected_motion_smoothness": 0.9772121768501053,
        "protected_aesthetic_quality": 0.44791006773710246,
        "protected_imaging_quality": 0.6194872572580973,
        "diff_subject_consistency": -0.03464538562887657,
        "diff_motion_smoothness": -0.00947483865797476,
        "diff_aesthetic_quality": 0.06287215183178584,
        "diff_imaging_quality": 0.04835486132812501
    },
    "time": {
        "total_protection_time": 7578.07794547081,
        "total_images_processed": 150,
        "time_per_image": 50.520519636472066
    }
}