{
    "total_protection_time": 7574.341737747192,
    "total_images_processed": 150,
    "time_per_image": 50.49561158498128
}