{
    "total_protection_time": 0.045058250427246094,
    "total_images_processed": 150,
    "time_per_image": 0.00030038833618164064
}