{
    "total_protection_time": 430.4564607143402,
    "total_images_processed": 150,
    "time_per_image": 2.8697097380956014
}