{
    "total_pairs": 150,
    "successful_videos": 300,
    "total_time": 6742.7725830078125,
    "avg_time_per_video": 22.475908610026043,
    "timestamp": "2025-09-20T18:57:40.996775"
}