{
    "total_protection_time": 430.2859773635864,
    "total_images_processed": 150,
    "time_per_image": 2.8685731824239094
}