{
    "total_protection_time": 0.06473231315612793,
    "total_images_processed": 150,
    "time_per_image": 0.0004315487543741862
}