{
    "method": "EditShield",
    "aggregated": {
        "protected_psnr": 36.41866117076968,
        "protected_ssim": 0.929089297056198,
        "protected_lpips": 0.17240462208787602,
        "protected_clip_score": 0.9226470052083333,
        "clip_upper_bound": 1.0002558593750002,
        "clip_lower_bound": 0.773212890625,
        "original_subject_consistency": 0.886644586633063,
        "original_motion_smoothness": 0.9686299095130235,
        "original_aesthetic_quality": 0.4827411540349324,
        "original_imaging_quality": 0.7072456380767822,
        "protected_subject_consistency": 0.8940252324892207,
        "protected_motion_smoothness": 0.9694051480308388,
        "protected_aesthetic_quality": 0.48584974745909376,
        "protected_imaging_quality": 0.6995693992462158,
        "diff_subject_consistency": -0.007380645856157773,
        "diff_motion_smoothness": -0.0007752385178154501,
        "diff_aesthetic_quality": -0.0031085934241612758,
        "diff_imaging_quality": 0.007676238830566407
    },
    "time": {
        "total_protection_time": 441.3116822242737,
        "total_images_processed": 150,
        "time_per_image": 2.942077881495158
    }
}