{
    "total_protection_time": 9977.50060081482,
    "total_images_processed": 150,
    "time_per_image": 66.5166706720988
}