{
    "method": "Unknown",
    "aggregated": {
        "protected_psnr": 36.24991783496082,
        "protected_ssim": 0.902373112042745,
        "protected_lpips": 0.2552775619427363,
        "protected_clip_score": 0.9142029947916668,
        "clip_upper_bound": 1.0002734375000002,
        "clip_lower_bound": 0.7237500000000001,
        "original_subject_consistency": 0.8973870519082993,
        "original_motion_smoothness": 0.980601478300284,
        "original_aesthetic_quality": 0.49695454994837446,
        "original_imaging_quality": 0.6180672373453775,
        "protected_subject_consistency": 0.9002124023137408,
        "protected_motion_smoothness": 0.9839744403300182,
        "protected_aesthetic_quality": 0.5029707316557566,
        "protected_imaging_quality": 0.6405641575368245,
        "diff_subject_consistency": -0.002825350405441389,
        "diff_motion_smoothness": -0.003372962029734138,
        "diff_aesthetic_quality": -0.006016181707382202,
        "diff_imaging_quality": -0.02249692019144694
    }
}