{
    "total_protection_time": 432.0231876373291,
    "total_images_processed": 150,
    "time_per_image": 2.8801545842488605
}