{
    "total_protection_time": 7226.135442495346,
    "total_images_processed": 150,
    "time_per_image": 48.17423628330231
}