{
    "total_protection_time": 0.048897504806518555,
    "total_images_processed": 150,
    "time_per_image": 0.00032598336537679036
}