{
    "method": "VGMShield",
    "aggregated": {
        "protected_psnr": 43.928491899916374,
        "protected_ssim": 0.98730148712794,
        "protected_lpips": 0.019049263802977896,
        "protected_clip_score": 0.9083319010416667,
        "clip_upper_bound": 1.00021875,
        "clip_lower_bound": 0.6030244140625001,
        "original_subject_consistency": 0.8304543055359195,
        "original_motion_smoothness": 0.9711175999682279,
        "original_aesthetic_quality": 0.4994265170892079,
        "original_imaging_quality": 0.6717198731689453,
        "protected_subject_consistency": 0.8212629153862749,
        "protected_motion_smoothness": 0.9712433175407963,
        "protected_aesthetic_quality": 0.49455542186896007,
        "protected_imaging_quality": 0.6603923905537922,
        "diff_subject_consistency": 0.009191390149644577,
        "diff_motion_smoothness": -0.0001257175725682489,
        "diff_aesthetic_quality": 0.004871095220247905,
        "diff_imaging_quality": 0.011327482615153003
    },
    "time": {
        "total_protection_time": 23252.71503520012,
        "total_images_processed": 150,
        "time_per_image": 155.01810023466746
    }
}