{
    "method": "PhotoGuard",
    "aggregated": {
        "protected_psnr": 25.756382392834585,
        "protected_ssim": 0.6564805094401042,
        "protected_lpips": 0.4219602595766385,
        "protected_clip_score": 0.8950214192708333,
        "clip_upper_bound": 1.000287109375,
        "clip_lower_bound": 0.563083984375,
        "original_subject_consistency": 0.9113419323699135,
        "original_motion_smoothness": 0.9752853559558765,
        "original_aesthetic_quality": 0.49895621657371525,
        "original_imaging_quality": 0.623417662806193,
        "protected_subject_consistency": 0.879899165360257,
        "protected_motion_smoothness": 0.9740707698203109,
        "protected_aesthetic_quality": 0.49526094635327655,
        "protected_imaging_quality": 0.6153836323394773,
        "diff_subject_consistency": 0.03144276700965646,
        "diff_motion_smoothness": 0.0012145861355656257,
        "diff_aesthetic_quality": 0.0036952702204386405,
        "diff_imaging_quality": 0.008034030466715495
    },
    "time":{
        "total_protection_time": 7299.1758534908295,
        "total_images_processed": 150,
        "time_per_image": 48.66117235660553
    }
}