{
    "total_protection_time": 7299.1758534908295,
    "total_images_processed": 150,
    "time_per_image": 48.66117235660553
}