{
    "total_protection_time": 7668.0869562625885,
    "total_images_processed": 150,
    "time_per_image": 51.12057970841726
}