{
    "total_protection_time": 23234.034880399704,
    "total_images_processed": 150,
    "time_per_image": 154.89356586933135
}