{
    "total_pairs": 150,
    "successful_videos": 300,
    "total_time": 7424.809514045715,
    "avg_time_per_video": 24.74936504681905,
    "timestamp": "2025-09-20T12:24:42.175393"
}