{
    "total_protection_time": 0.042929887771606445,
    "total_images_processed": 150,
    "time_per_image": 0.00028619925181070966
}