{
    "total_protection_time": 430.1697120666504,
    "total_images_processed": 150,
    "time_per_image": 2.867798080444336
}