{
    "total_protection_time": 0.036865234375,
    "total_images_processed": 150,
    "time_per_image": 0.00024576822916666665
}