{
    "method": "PhotoGuard",
    "aggregated": {
        "protected_psnr": 25.740312168429586,
        "protected_ssim": 0.6503192309538522,
        "protected_lpips": 0.42506861944993335,
        "protected_clip_score": 0.97891953125,
        "clip_upper_bound": 1.000193359375,
        "clip_lower_bound": 0.8885937500000001
    },
    "time": {
        "total_protection_time": 7465.996328830719,
        "total_images_processed": 150,
        "time_per_image": 49.77330885887146
    }
}