{
    "total_protection_time": 7227.561888456345,
    "total_images_processed": 150,
    "time_per_image": 48.183745923042295
}