{
    "total_protection_time": 7611.37340927124,
    "total_images_processed": 150,
    "time_per_image": 50.742489395141604
}