{
    "total_protection_time": 0.03329157829284668,
    "total_images_processed": 150,
    "time_per_image": 0.00022194385528564453
}