{
    "total_pairs": 150,
    "successful_videos": 300,
    "total_time": 6753.791589021683,
    "avg_time_per_video": 22.512638630072274,
    "timestamp": "2025-09-17T17:52:30.170731"
}