{
    "method": "VGMShield",
    "aggregated": {
        "protected_psnr": 44.019740574359545,
        "protected_ssim": 0.9869154250621794,
        "protected_lpips": 0.025482035344466566,
        "protected_clip_score": 0.9398662760416667,
        "clip_upper_bound": 1.000255859375,
        "clip_lower_bound": 0.777541015625,
        "original_subject_consistency": 0.886402176355736,
        "original_motion_smoothness": 0.9685947804585934,
        "original_aesthetic_quality": 0.483167619506518,
        "original_imaging_quality": 0.7067819903818765,
        "protected_subject_consistency": 0.8869550158396466,
        "protected_motion_smoothness": 0.9699892819154203,
        "protected_aesthetic_quality": 0.4893871541817983,
        "protected_imaging_quality": 0.6994052733256022,
        "diff_subject_consistency": -0.0005528394839105532,
        "diff_motion_smoothness": -0.0013945014568270608,
        "diff_aesthetic_quality": -0.006219534675280253,
        "diff_imaging_quality": 0.007376717056274411
    },
    "time": {
        "total_protection_time": 23370.37293624878,
        "total_images_processed": 150,
        "time_per_image": 155.80248624165853
    }
}