{
    "method": "VGMShield",
    "aggregated": {
        "protected_psnr": 43.94050997190987,
        "protected_ssim": 0.9874625439445178,
        "protected_lpips": 0.019296163118754824,
        "protected_clip_score": 0.9519163411458331,
        "original_subject_consistency": 0.9247891757727807,
        "original_motion_smoothness": 0.98617467889391,
        "original_aesthetic_quality": 0.4995957461496195,
        "original_imaging_quality": 0.672740987033844,
        "protected_subject_consistency": 0.929868605093927,
        "protected_motion_smoothness": 0.9870262813696038,
        "protected_aesthetic_quality": 0.4936693593859673,
        "protected_imaging_quality": 0.6600281316884359,
        "diff_subject_consistency": -0.005079429321146265,
        "diff_motion_smoothness": -0.0008516024756937689,
        "diff_aesthetic_quality": 0.005926386763652167,
        "diff_imaging_quality": 0.01271285534540813
    },
    "time": {
        "total_protection_time": 20013.6069355011,
        "total_images_processed": 120,
        "time_per_image": 166.78005779584254
    }
}