{
    "method": "VGMShield",
    "aggregated": {
        "protected_psnr": 44.03095115639706,
        "protected_ssim": 0.9869193995992341,
        "protected_lpips": 0.025609677199584745,
        "protected_clip_score": 0.9712203776041665,
        "original_subject_consistency": 0.9658655519823597,
        "original_motion_smoothness": 0.9883705295013736,
        "original_aesthetic_quality": 0.48256462216377255,
        "original_imaging_quality": 0.7005312338320414,
        "protected_subject_consistency": 0.9596608489590127,
        "protected_motion_smoothness": 0.9881889112629708,
        "protected_aesthetic_quality": 0.47983102475603423,
        "protected_imaging_quality": 0.6928339512761433,
        "diff_subject_consistency": 0.0062047030233467635,
        "diff_motion_smoothness": 0.00018161823840289284,
        "diff_aesthetic_quality": 0.0027335974077383677,
        "diff_imaging_quality": 0.007697282555898022
    },
    "time": {
        "total_protection_time": 20297.62677693367,
        "total_images_processed": 120,
        "time_per_image": 169.14688980778058
    }
}