{
    "total_protection_time": 7175.937295675278,
    "total_images_processed": 150,
    "time_per_image": 47.83958197116852
}