{
    "method": "EditShield",
    "aggregated": {
        "protected_psnr": 36.38701823492053,
        "protected_ssim": 0.9343058819572129,
        "protected_lpips": 0.12445084907424947,
        "protected_clip_score": 0.9320611979166665,
        "original_subject_consistency": 0.9247891757727807,
        "original_motion_smoothness": 0.98617467889391,
        "original_aesthetic_quality": 0.4995957461496195,
        "original_imaging_quality": 0.672740987033844,
        "protected_subject_consistency": 0.9368295902955449,
        "protected_motion_smoothness": 0.9879137370417429,
        "protected_aesthetic_quality": 0.4900797014435132,
        "protected_imaging_quality": 0.6501089668210347,
        "diff_subject_consistency": -0.012040414522764172,
        "diff_motion_smoothness": -0.0017390581478327624,
        "diff_aesthetic_quality": 0.009516044706106187,
        "diff_imaging_quality": 0.02263202021280925
    },
    "time": {
        "total_protection_time": 346.2161338329315,
        "total_images_processed": 120,
        "time_per_image": 2.885134448607763
    }
}