{
    "total_pairs": 150,
    "successful_videos": 300,
    "total_time": 6752.139550447464,
    "avg_time_per_video": 22.50713183482488,
    "timestamp": "2025-09-20T18:57:23.762083"
}