{
    "total_protection_time": 437.74872159957886,
    "total_images_processed": 150,
    "time_per_image": 2.918324810663859
}