{
    "method": "RandomNoise",
    "aggregated": {
        "protected_psnr": 40.89498025151524,
        "protected_ssim": 0.9714084222912788,
        "protected_lpips": 0.014837947253060218,
        "protected_clip_score": 0.9853367513020833,
        "original_subject_consistency": 0.9695633940941963,
        "original_motion_smoothness": 0.9890920497345607,
        "original_aesthetic_quality": 0.4851560125748316,
        "original_imaging_quality": 0.7038993969345092,
        "protected_subject_consistency": 0.9721130150667805,
        "protected_motion_smoothness": 0.9904800343259068,
        "protected_aesthetic_quality": 0.48566111276547114,
        "protected_imaging_quality": 0.7011313265482584,
        "diff_subject_consistency": -0.0025496209725841086,
        "diff_motion_smoothness": -0.0013879845913464166,
        "diff_aesthetic_quality": -0.0005051001906394958,
        "diff_imaging_quality": 0.0027680703862508105
    },
    "time": {
        "total_protection_time": 0.0244903564453125,
        "total_images_processed": 120,
        "time_per_image": 0.0002040863037109375
    }
}