{
    "total_pairs": 150,
    "successful_videos": 300,
    "total_time": 6827.870812416077,
    "avg_time_per_video": 22.759569374720254,
    "timestamp": "2025-09-18T01:36:51.380191"
}