{
    "total_pairs": 150,
    "successful_videos": 299,
    "total_time": 8774.900478363037,
    "avg_time_per_video": 29.347493238672364,
    "timestamp": "2025-09-18T08:32:18.064236"
}