{
    "total_protection_time": 430.3161516189575,
    "total_images_processed": 150,
    "time_per_image": 2.8687743441263835
}