{
    "total_protection_time": 7477.055960178375,
    "total_images_processed": 150,
    "time_per_image": 49.847039734522504
}