{
    "method": "RandomNoise",
    "aggregated": {
        "protected_psnr": 40.891930230139884,
        "protected_ssim": 0.9710369702180226,
        "protected_lpips": 0.019822303700881703,
        "protected_clip_score": 0.9408093750000002,
        "clip_upper_bound": 1.0002558593750002,
        "clip_lower_bound": 0.7083769531249999,
        "original_subject_consistency": 0.886644586633063,
        "original_motion_smoothness": 0.9686299095130235,
        "original_aesthetic_quality": 0.48215258200963335,
        "original_imaging_quality": 0.7059882425587971,
        "protected_subject_consistency": 0.8768991934865091,
        "protected_motion_smoothness": 0.9656401516354999,
        "protected_aesthetic_quality": 0.4767349872986475,
        "protected_imaging_quality": 0.6970326988372803,
        "diff_subject_consistency": 0.009745393146553804,
        "diff_motion_smoothness": 0.0029897578775235144,
        "diff_aesthetic_quality": 0.005417594710985818,
        "diff_imaging_quality": 0.00895554372151692
    },
    "time": {
        "total_protection_time": 0.03321266174316406,
        "total_images_processed": 150,
        "time_per_image": 0.0002214177449544271
    }
}