{
    "total_pairs": 150,
    "successful_videos": 300,
    "total_time": 8392.838726043701,
    "avg_time_per_video": 27.97612908681234,
    "timestamp": "2025-09-18T08:23:32.854680"
}