{
    "method": "RandomNoise",
    "aggregated": {
        "protected_psnr": 40.9422884006081,
        "protected_ssim": 0.9732134632269541,
        "protected_lpips": 0.015540817740062874,
        "protected_clip_score": 0.9171669270833332,
        "clip_upper_bound": 1.000228515625,
        "clip_lower_bound": 0.55959375,
        "original_subject_consistency": 0.8340134628994081,
        "original_motion_smoothness": 0.9715503263106827,
        "original_aesthetic_quality": 0.4982326823472976,
        "original_imaging_quality": 0.6715250562286376,
        "protected_subject_consistency": 0.8262770516521091,
        "protected_motion_smoothness": 0.9694732210451242,
        "protected_aesthetic_quality": 0.49533736705780024,
        "protected_imaging_quality": 0.6590604940795899,
        "diff_subject_consistency": 0.00773641124729895,
        "diff_motion_smoothness": 0.0020771052655584824,
        "diff_aesthetic_quality": 0.002895315289497376,
        "diff_imaging_quality": 0.012464562149047858
    },
    "time": {
        "total_protection_time": 0.0341339111328125,
        "total_images_processed": 150,
        "time_per_image": 0.00022755940755208334
    }
}