{
    "method": "EditShield",
    "aggregated": {
        "protected_psnr": 36.390121431736404,
        "protected_ssim": 0.9346225253740948,
        "protected_lpips": 0.12262446232140065,
        "protected_clip_score": 0.8949619791666668,
        "clip_upper_bound": 1.00021875,
        "clip_lower_bound": 0.5931552734375001,
        "original_subject_consistency": 0.8304543055359195,
        "original_motion_smoothness": 0.9711175999682279,
        "original_aesthetic_quality": 0.4994265170892079,
        "original_imaging_quality": 0.6717198731689453,
        "protected_subject_consistency": 0.8382176838473728,
        "protected_motion_smoothness": 0.9730342129682472,
        "protected_aesthetic_quality": 0.48913085679213203,
        "protected_imaging_quality": 0.6597864935404459,
        "diff_subject_consistency": -0.007763378311453075,
        "diff_motion_smoothness": -0.0019166130000191318,
        "diff_aesthetic_quality": 0.010295660297075907,
        "diff_imaging_quality": 0.011933379628499358
    },
    "time": {
        "total_protection_time": 432.3876886367798,
        "total_images_processed": 150,
        "time_per_image": 2.8825845909118653
    }
}