{
    "total_protection_time": 7310.482536792755,
    "total_images_processed": 150,
    "time_per_image": 48.73655024528503
}