{
    "total_protection_time": 430.1652011871338,
    "total_images_processed": 150,
    "time_per_image": 2.867768007914225
}