{
    "total_pairs": 150,
    "successful_videos": 298,
    "total_time": 6830.816063404083,
    "avg_time_per_video": 22.92220155504726,
    "timestamp": "2025-09-18T10:39:54.094319"
}