{
    "method": "RandomNoise",
    "aggregated": {
        "protected_psnr": 40.92913129851587,
        "protected_ssim": 0.9735154449939728,
        "protected_lpips": 0.013884962536394596,
        "protected_clip_score": 0.955583984375,
        "original_subject_consistency": 0.9385290769860148,
        "original_motion_smoothness": 0.9924663258647516,
        "original_aesthetic_quality": 0.5010076239705086,
        "original_imaging_quality": 0.7132679821777343,
        "protected_subject_consistency": 0.9720500264316797,
        "protected_motion_smoothness": 0.9946922266642906,
        "protected_aesthetic_quality": 0.5158802226185799,
        "protected_imaging_quality": 0.704896711883545,
        "diff_subject_consistency": -0.03352094944566489,
        "diff_motion_smoothness": -0.0022259007995388933,
        "diff_aesthetic_quality": -0.014872598648071288,
        "diff_imaging_quality": 0.008371270294189447
    },
    "time": {
        "total_protection_time": 0.0025908946990966797,
        "total_images_processed": 20,
        "time_per_image": 0.000129544734954834
    }
}