{
    "total_pairs": 150,
    "successful_videos": 300,
    "total_time": 6673.142999410629,
    "avg_time_per_video": 22.24380999803543,
    "timestamp": "2025-09-18T11:27:14.804464"
}