{
    "total_protection_time": 7583.752981901169,
    "total_images_processed": 150,
    "time_per_image": 50.55835321267446
}