{
    "total_protection_time": 0.05549287796020508,
    "total_images_processed": 150,
    "time_per_image": 0.00036995251973470053
}