{
    "total_protection_time": 430.4836130142212,
    "total_images_processed": 150,
    "time_per_image": 2.8698907534281415
}