{
    "total_protection_time": 23058.539252519608,
    "total_images_processed": 150,
    "time_per_image": 153.7235950167974
}